time,temperature_c,paused
2026-09-30 15:53:13,48,0
2026-09-30 15:59:08,45,0
2026-09-30 15:59:18,47,0
2026-09-30 15:59:28,49,0
2026-09-30 15:59:38,50,0
2026-09-30 15:59:48,51,0
2026-09-30 15:59:58,52,0
2026-09-30 16:00:08,54,0
2026-09-30 16:00:18,55,0
2026-09-30 16:00:28,56,0
2026-09-30 16:00:38,57,0
2026-09-30 16:00:48,57,0
2026-09-30 16:00:58,57,0
2026-09-30 16:01:08,57,0
2026-09-30 16:01:18,57,0
2026-09-30 16:01:28,57,0
2026-09-30 16:01:38,57,0
2026-09-30 16:01:49,56,0
2026-09-30 16:01:59,56,0
2026-09-30 16:02:09,56,0
2026-09-30 16:02:19,57,0
2026-09-30 16:02:29,57,0
2026-09-30 16:02:39,57,0
2026-09-30 16:02:49,57,0
2026-09-30 16:02:59,57,0
2026-09-30 16:03:09,57,0
2026-09-30 16:03:19,57,0
2026-09-30 16:03:29,57,0
2026-09-30 16:03:39,57,0
2026-09-30 16:03:49,57,0
2026-09-30 16:03:59,57,0
2026-09-30 16:04:09,57,0
2026-09-30 16:04:19,57,0
2026-09-30 16:04:29,57,0
2026-09-30 16:04:39,57,0
2026-09-30 16:04:49,57,0
2026-09-30 16:04:59,57,0
2026-09-30 16:05:09,56,0
2026-09-30 16:05:19,56,0
2026-09-30 16:05:29,56,0
2026-09-30 16:05:39,56,0
2026-09-30 16:05:49,56,0
2026-09-30 16:05:59,56,0
2026-09-30 16:06:09,56,0
2026-09-30 16:06:19,56,0
2026-09-30 16:06:29,56,0
2026-09-30 16:06:39,55,0
2026-09-30 16:06:49,55,0
2026-09-30 16:06:59,55,0
2026-09-30 16:07:09,55,0
2026-09-30 16:07:19,55,0
2026-09-30 16:07:30,56,0
2026-09-30 16:07:40,55,0
2026-09-30 16:07:50,55,0
2026-09-30 16:08:00,55,0
2026-09-30 16:08:10,55,0
2026-09-30 16:08:20,55,0
2026-09-30 16:08:30,55,0
2026-09-30 16:08:40,55,0
2026-09-30 16:08:50,55,0
2026-09-30 16:09:00,55,0
2026-09-30 16:09:10,55,0
2026-09-30 16:09:20,55,0
2026-09-30 16:09:30,55,0
2026-09-30 16:09:40,55,0
2026-09-30 16:09:50,55,0
2026-09-30 16:10:00,55,0
2026-09-30 16:10:10,55,0
2026-09-30 16:10:20,54,0
2026-09-30 16:10:30,55,0
2026-09-30 16:10:40,54,0
2026-09-30 16:10:50,54,0
2026-09-30 16:11:00,54,0
2026-09-30 16:11:10,54,0
2026-09-30 16:11:20,54,0
2026-09-30 16:11:30,54,0
2026-09-30 16:11:40,54,0
2026-09-30 16:11:50,54,0
2026-09-30 16:12:00,54,0
2026-09-30 16:12:10,54,0
2026-09-30 16:12:20,54,0
2026-09-30 16:12:30,54,0
2026-09-30 16:12:40,54,0
2026-09-30 16:12:50,54,0
2026-09-30 16:13:00,54,0
2026-09-30 16:13:11,53,0
2026-09-30 16:13:21,54,0
2026-09-30 16:13:31,53,0
2026-09-30 16:13:41,53,0
2026-09-30 16:13:51,53,0
2026-09-30 16:14:01,53,0
2026-09-30 16:14:11,53,0
2026-09-30 16:14:21,53,0
2026-09-30 16:14:31,53,0
2026-09-30 16:14:41,53,0
2026-09-30 16:14:51,53,0
2026-09-30 16:15:01,53,0
2026-09-30 16:15:11,53,0
2026-09-30 16:15:21,53,0
2026-09-30 16:15:31,53,0
2026-09-30 16:15:41,53,0
2026-09-30 16:15:51,53,0
2026-09-30 16:16:01,53,0
2026-09-30 16:16:11,53,0
2026-09-30 16:16:21,53,0
2026-09-30 16:16:31,53,0
2026-09-30 16:16:41,53,0
2026-09-30 16:16:51,53,0
2026-09-30 16:17:01,53,0
2026-09-30 16:17:11,53,0
2026-09-30 16:17:21,53,0
2026-09-30 16:17:31,53,0
2026-09-30 16:17:41,53,0
2026-09-30 16:17:51,53,0
2026-09-30 16:18:01,53,0
2026-09-30 16:18:12,53,0
2026-09-30 16:18:22,53,0
2026-09-30 16:18:32,53,0
2026-09-30 16:18:42,53,0
2026-09-30 16:18:52,53,0
2026-09-30 16:19:02,53,0
2026-09-30 16:19:12,53,0
2026-09-30 16:19:22,53,0
2026-09-30 16:19:32,53,0
2026-09-30 16:19:42,53,0
2026-09-30 16:19:52,53,0
2026-09-30 16:20:02,53,0
2026-09-30 16:20:12,53,0
2026-09-30 16:20:22,53,0
2026-09-30 16:20:32,54,0
2026-09-30 16:20:42,54,0
2026-09-30 16:20:52,54,0
2026-09-30 16:21:02,54,0
2026-09-30 16:21:12,54,0
2026-09-30 16:21:22,54,0
2026-09-30 16:21:32,54,0
2026-09-30 16:21:42,54,0
2026-09-30 16:21:52,54,0
2026-09-30 16:22:02,54,0
2026-09-30 16:22:12,54,0
2026-09-30 16:22:22,54,0
2026-09-30 16:22:32,54,0
2026-09-30 16:22:42,54,0
2026-09-30 16:22:52,54,0
2026-09-30 16:23:02,54,0
2026-09-30 16:23:12,54,0
2026-09-30 16:23:22,54,0
2026-09-30 16:23:32,54,0
2026-09-30 16:23:42,54,0
2026-09-30 16:23:53,54,0
2026-09-30 16:24:03,54,0
2026-09-30 16:24:13,54,0
2026-09-30 16:24:23,54,0
2026-09-30 16:24:33,55,0
2026-09-30 16:24:43,55,0
2026-09-30 16:24:53,55,0
2026-09-30 16:25:03,55,0
2026-09-30 16:25:13,55,0
2026-09-30 16:25:23,55,0
2026-09-30 16:25:33,55,0
2026-09-30 16:25:43,55,0
2026-09-30 16:25:53,55,0
2026-09-30 16:26:03,55,0
2026-09-30 16:26:13,55,0
2026-09-30 16:26:23,55,0
2026-09-30 16:26:33,55,0
2026-09-30 16:26:43,55,0
2026-09-30 16:26:53,54,0
2026-09-30 16:27:03,54,0
2026-09-30 16:27:13,55,0
2026-09-30 16:27:23,55,0
2026-09-30 16:27:33,55,0
2026-09-30 16:27:43,55,0
2026-09-30 16:27:53,55,0
2026-09-30 16:28:03,55,0
2026-09-30 16:28:13,55,0
2026-09-30 16:28:23,55,0
2026-09-30 16:28:33,54,0
2026-09-30 16:28:43,55,0
2026-09-30 16:28:53,55,0
2026-09-30 16:29:03,55,0
2026-09-30 16:29:13,55,0
2026-09-30 16:29:23,55,0
2026-09-30 16:29:34,55,0
2026-09-30 16:29:44,55,0
2026-09-30 16:29:54,55,0
2026-09-30 16:30:04,55,0
2026-09-30 16:30:14,55,0
2026-09-30 16:30:24,55,0
2026-09-30 16:30:34,55,0
2026-09-30 16:30:44,55,0
2026-09-30 16:30:54,55,0
2026-09-30 16:31:04,55,0
2026-09-30 16:31:14,54,0
2026-09-30 16:31:24,55,0
2026-09-30 16:31:34,54,0
2026-09-30 16:31:44,55,0
2026-09-30 16:31:54,55,0
2026-09-30 16:32:04,55,0
2026-09-30 16:32:14,55,0
2026-09-30 16:32:24,55,0
2026-09-30 16:32:34,55,0
2026-09-30 16:32:44,55,0
2026-09-30 16:32:54,55,0
2026-09-30 16:33:04,55,0
2026-09-30 16:33:14,55,0
2026-09-30 16:33:24,55,0
2026-09-30 16:33:34,55,0
2026-09-30 16:33:44,54,0
2026-09-30 16:33:54,54,0
2026-09-30 16:34:04,54,0
2026-09-30 16:34:14,54,0
2026-09-30 16:34:24,54,0
2026-09-30 16:34:34,54,0
2026-09-30 16:34:44,54,0
2026-09-30 16:34:55,54,0
2026-09-30 16:35:05,54,0
2026-09-30 16:35:15,54,0
2026-09-30 16:35:25,54,0
2026-09-30 16:35:35,53,0
2026-09-30 16:35:45,53,0
2026-09-30 16:35:55,53,0
2026-09-30 16:36:05,53,0
2026-09-30 16:36:15,53,0
2026-09-30 16:36:25,53,0
2026-09-30 16:36:35,53,0
2026-09-30 16:36:45,53,0
2026-09-30 16:36:55,53,0
2026-09-30 16:37:05,53,0
2026-09-30 16:37:15,53,0
2026-09-30 16:37:25,53,0
2026-09-30 16:37:35,52,0
2026-09-30 16:37:45,52,0
2026-09-30 16:37:55,52,0
2026-09-30 16:38:05,52,0
2026-09-30 16:38:15,52,0
2026-09-30 16:38:25,52,0
2026-09-30 16:38:35,52,0
2026-09-30 16:38:45,52,0
2026-09-30 16:38:55,53,0
2026-09-30 16:39:05,53,0
2026-09-30 16:39:15,53,0
2026-09-30 16:39:25,53,0
2026-09-30 16:39:35,53,0
2026-09-30 16:39:45,52,0
2026-09-30 16:39:55,52,0
2026-09-30 16:40:05,52,0
2026-09-30 16:40:15,52,0
2026-09-30 16:40:26,52,0
2026-09-30 16:40:36,52,0
2026-09-30 16:40:46,52,0
2026-09-30 16:40:56,52,0
2026-09-30 16:41:06,52,0
2026-09-30 16:41:16,52,0
2026-09-30 16:41:26,52,0
2026-09-30 16:41:36,52,0
2026-09-30 16:41:46,52,0
2026-09-30 16:41:56,52,0
2026-09-30 16:42:06,52,0
2026-09-30 16:42:16,52,0
2026-09-30 16:42:26,52,0
2026-09-30 16:42:36,52,0
2026-09-30 16:42:46,52,0
2026-09-30 16:42:56,52,0
2026-09-30 16:43:06,52,0
2026-09-30 16:43:16,52,0
2026-09-30 16:43:26,52,0
2026-09-30 16:43:36,52,0
2026-09-30 16:43:46,52,0
2026-09-30 16:43:56,52,0
2026-09-30 16:44:06,52,0
2026-09-30 16:44:16,52,0
2026-09-30 16:44:26,52,0
2026-09-30 16:44:36,51,0
2026-09-30 16:44:46,51,0
2026-09-30 16:44:56,51,0
2026-09-30 16:45:06,51,0
2026-09-30 16:45:16,51,0
2026-09-30 16:45:26,52,0
2026-09-30 16:45:36,51,0
2026-09-30 16:45:46,51,0
2026-09-30 16:45:57,51,0
2026-09-30 16:46:07,51,0
2026-09-30 16:46:17,51,0
2026-09-30 16:46:27,51,0
2026-09-30 16:46:37,51,0
2026-09-30 16:46:47,51,0
2026-09-30 16:46:57,51,0
2026-09-30 16:47:07,51,0
2026-09-30 16:47:17,52,0
2026-09-30 16:47:27,52,0
2026-09-30 16:47:37,52,0
2026-09-30 16:47:47,51,0
2026-09-30 16:47:57,51,0
2026-09-30 16:48:07,51,0
2026-09-30 16:48:17,51,0
2026-09-30 16:48:27,51,0
2026-09-30 16:48:37,51,0
2026-09-30 16:48:47,51,0
2026-09-30 16:48:57,51,0
2026-09-30 16:49:07,51,0
2026-09-30 16:49:17,51,0
2026-09-30 16:49:27,51,0
2026-09-30 16:49:37,51,0
2026-09-30 16:49:47,51,0
2026-09-30 16:49:57,51,0
2026-09-30 16:50:07,51,0
2026-09-30 16:50:17,51,0
2026-09-30 16:50:27,51,0
2026-09-30 16:50:37,51,0
2026-09-30 16:50:47,51,0
2026-09-30 16:50:57,51,0
2026-09-30 16:51:07,51,0
2026-09-30 16:51:17,51,0
2026-09-30 16:51:27,51,0
2026-09-30 16:51:38,51,0
2026-09-30 16:51:48,51,0
2026-09-30 16:51:58,51,0
2026-09-30 16:52:08,51,0
2026-09-30 16:52:18,51,0
2026-09-30 16:52:28,51,0
2026-09-30 16:52:38,51,0
2026-09-30 16:52:48,51,0
2026-09-30 16:52:58,50,0
2026-09-30 16:53:08,50,0
2026-09-30 16:53:18,51,0
2026-09-30 16:53:28,51,0
2026-09-30 16:53:38,50,0
2026-09-30 16:53:48,50,0
2026-09-30 16:53:58,50,0
2026-09-30 16:54:08,50,0
2026-09-30 16:54:18,50,0
2026-09-30 16:54:28,50,0
2026-09-30 16:54:38,50,0
2026-09-30 16:54:48,50,0
2026-09-30 16:54:58,50,0
2026-09-30 16:55:08,50,0
2026-09-30 16:55:18,50,0
2026-09-30 16:55:28,50,0
2026-09-30 16:55:38,50,0
2026-09-30 16:55:48,50,0
2026-09-30 16:55:58,50,0
2026-09-30 16:56:08,50,0
2026-09-30 16:56:18,50,0
2026-09-30 16:56:28,50,0
2026-09-30 16:56:38,50,0
2026-09-30 16:56:48,50,0
2026-09-30 16:56:58,50,0
2026-09-30 16:57:08,50,0
2026-09-30 16:57:18,50,0
2026-09-30 16:57:29,50,0
2026-09-30 16:57:39,50,0
2026-09-30 16:57:49,50,0
2026-09-30 16:57:59,50,0
2026-09-30 16:58:09,50,0
2026-09-30 16:58:19,50,0
2026-09-30 16:58:29,50,0
2026-09-30 16:58:39,50,0
2026-09-30 16:58:49,50,0
2026-09-30 16:58:59,50,0
2026-09-30 16:59:09,50,0
2026-09-30 16:59:19,50,0
2026-09-30 16:59:29,50,0
2026-09-30 16:59:39,50,0
2026-09-30 16:59:49,50,0
2026-09-30 16:59:59,50,0
2026-09-30 17:00:09,50,0
2026-09-30 17:00:19,50,0
2026-09-30 17:00:29,50,0
2026-09-30 17:00:39,50,0
2026-09-30 17:00:49,50,0
2026-09-30 17:00:59,50,0
2026-09-30 17:01:09,50,0
2026-09-30 17:01:19,50,0
2026-09-30 17:01:29,50,0
2026-09-30 17:01:39,50,0
2026-09-30 17:01:49,50,0
2026-09-30 17:01:59,50,0
2026-09-30 17:02:09,50,0
2026-09-30 17:02:19,50,0
2026-09-30 17:02:29,50,0
2026-09-30 17:02:39,50,0
2026-09-30 17:02:49,51,0
2026-09-30 17:02:59,51,0
2026-09-30 17:03:09,51,0
2026-09-30 17:03:20,51,0
2026-09-30 17:03:30,51,0
2026-09-30 17:03:40,51,0
2026-09-30 17:03:50,51,0
2026-09-30 17:04:00,52,0
2026-09-30 17:04:10,52,0
2026-09-30 17:04:20,52,0
2026-09-30 17:04:30,52,0
2026-09-30 17:04:40,52,0
2026-09-30 17:04:50,52,0
2026-09-30 17:05:00,52,0
2026-09-30 17:05:10,52,0
2026-09-30 17:05:20,52,0
2026-09-30 17:05:30,52,0
2026-09-30 17:05:40,52,0
2026-09-30 17:05:50,52,0
2026-09-30 17:06:00,52,0
2026-09-30 17:06:10,52,0
2026-09-30 17:06:20,52,0
2026-09-30 17:06:30,53,0
2026-09-30 17:06:40,52,0
2026-09-30 17:06:50,53,0
2026-09-30 17:07:00,53,0
2026-09-30 17:07:10,53,0
2026-09-30 17:07:20,53,0
2026-09-30 17:07:30,54,0
2026-09-30 17:07:40,53,0
2026-09-30 17:07:50,53,0
2026-09-30 17:08:00,53,0
2026-09-30 17:08:10,53,0
2026-09-30 17:08:20,53,0
2026-09-30 17:08:30,53,0
2026-09-30 17:08:40,54,0
2026-09-30 17:08:50,53,0
2026-09-30 17:09:00,54,0
2026-09-30 17:09:11,54,0
2026-09-30 17:09:21,54,0
2026-09-30 17:09:31,54,0
2026-09-30 17:09:41,54,0
2026-09-30 17:09:51,54,0
2026-09-30 17:10:01,54,0
2026-09-30 17:10:11,54,0
2026-09-30 17:10:21,54,0
2026-09-30 17:10:31,54,0
2026-09-30 17:10:41,54,0
2026-09-30 17:10:51,54,0
2026-09-30 17:11:01,54,0
2026-09-30 17:11:11,54,0
2026-09-30 17:11:21,54,0
2026-09-30 17:11:31,54,0
2026-09-30 17:11:41,54,0
2026-09-30 17:11:51,54,0
2026-09-30 17:12:01,54,0
2026-09-30 17:12:11,55,0
2026-09-30 17:12:21,55,0
2026-09-30 17:12:31,55,0
2026-09-30 17:12:41,55,0
2026-09-30 17:12:51,54,0
2026-09-30 17:13:01,54,0
2026-09-30 17:13:11,54,0
2026-09-30 17:13:21,54,0
2026-09-30 17:13:31,54,0
2026-09-30 17:13:41,54,0
2026-09-30 17:13:51,54,0
2026-09-30 17:14:01,54,0
2026-09-30 17:14:11,54,0
2026-09-30 17:14:21,54,0
2026-09-30 17:14:31,54,0
2026-09-30 17:14:41,54,0
2026-09-30 17:14:52,54,0
2026-09-30 17:15:02,54,0
2026-09-30 17:15:12,54,0
2026-09-30 17:15:22,54,0
2026-09-30 17:15:32,54,0
2026-09-30 17:15:42,54,0
2026-09-30 17:15:52,54,0
2026-09-30 17:16:02,54,0
2026-09-30 17:16:12,54,0
2026-09-30 17:16:22,54,0
2026-09-30 17:16:32,54,0
2026-09-30 17:16:42,54,0
2026-09-30 17:16:52,54,0
2026-09-30 17:17:02,54,0
2026-09-30 17:17:12,54,0
2026-09-30 17:17:22,54,0
2026-09-30 17:17:32,54,0
2026-09-30 17:17:42,54,0
2026-09-30 17:17:52,54,0
2026-09-30 17:18:02,54,0
2026-09-30 17:18:12,54,0
2026-09-30 17:18:22,54,0
2026-09-30 17:18:32,54,0
2026-09-30 17:18:42,54,0
2026-09-30 17:18:52,54,0
2026-09-30 17:19:02,54,0
2026-09-30 17:19:12,54,0
2026-09-30 17:19:22,54,0
2026-09-30 17:19:32,54,0
2026-09-30 17:19:42,54,0
2026-09-30 17:19:52,54,0
2026-09-30 17:20:02,54,0
2026-09-30 17:20:12,54,0
2026-09-30 17:20:22,54,0
2026-09-30 17:20:32,54,0
2026-09-30 17:20:43,54,0
2026-09-30 17:20:53,54,0
2026-09-30 17:21:03,54,0
2026-09-30 17:21:13,54,0
2026-09-30 17:21:23,54,0
2026-09-30 17:21:33,54,0
2026-09-30 17:21:43,54,0
2026-09-30 17:21:53,54,0
2026-09-30 17:22:03,54,0
2026-09-30 17:22:13,54,0
2026-09-30 17:22:23,54,0
2026-09-30 17:22:33,54,0
2026-09-30 17:22:43,54,0
2026-09-30 17:22:53,54,0
2026-09-30 17:23:03,54,0
2026-09-30 17:23:13,54,0
2026-09-30 17:23:23,54,0
2026-09-30 17:23:33,54,0
2026-09-30 17:23:43,54,0
2026-09-30 17:23:53,54,0
2026-09-30 17:24:03,54,0
2026-09-30 17:24:13,54,0
2026-09-30 17:24:23,54,0
2026-09-30 17:24:33,54,0
2026-09-30 17:24:43,54,0
2026-09-30 17:24:53,54,0
2026-09-30 17:25:03,54,0
2026-09-30 17:25:13,53,0
2026-09-30 17:25:23,54,0
2026-09-30 17:25:33,54,0
2026-09-30 17:25:43,54,0
2026-09-30 17:25:53,54,0
2026-09-30 17:26:03,54,0
2026-09-30 17:26:13,54,0
2026-09-30 17:26:23,54,0
2026-09-30 17:26:34,55,0
2026-09-30 17:26:44,55,0
2026-09-30 17:26:54,55,0
2026-09-30 17:27:04,55,0
2026-09-30 17:27:14,56,0
2026-09-30 17:27:24,56,0
2026-09-30 17:27:34,56,0
2026-09-30 17:27:44,57,0
2026-09-30 17:27:54,57,0
2026-09-30 17:28:04,58,0
2026-09-30 17:28:14,58,0
2026-09-30 17:28:24,58,0
2026-09-30 17:28:34,59,0
2026-09-30 17:28:44,59,0
2026-09-30 17:28:54,59,0
2026-09-30 17:29:04,59,0
2026-09-30 17:29:14,60,0
2026-09-30 17:29:24,60,0
2026-09-30 17:29:34,60,0
2026-09-30 17:29:44,60,0
2026-09-30 17:29:54,60,0
2026-09-30 17:30:04,60,0
2026-09-30 17:30:15,59,0
2026-09-30 17:30:25,59,0
2026-09-30 17:30:35,59,0
2026-09-30 17:30:45,59,0
2026-09-30 17:30:55,59,0
2026-09-30 17:31:05,59,0
2026-09-30 17:31:15,58,0
2026-09-30 17:31:25,58,0
2026-09-30 17:31:35,58,0
2026-09-30 17:31:45,58,0
2026-09-30 17:31:55,58,0
2026-09-30 17:32:05,58,0
2026-09-30 17:32:15,58,0
2026-09-30 17:32:25,58,0
2026-09-30 17:32:35,58,0
2026-09-30 17:32:45,58,0
2026-09-30 17:32:55,58,0
2026-09-30 17:33:05,58,0
2026-09-30 17:33:15,58,0
2026-09-30 17:33:25,58,0
2026-09-30 17:33:35,58,0
2026-09-30 17:33:46,58,0
2026-09-30 17:33:56,58,0
2026-09-30 17:34:06,58,0
2026-09-30 17:34:16,58,0
2026-09-30 17:34:26,58,0
2026-09-30 17:34:36,58,0
2026-09-30 17:34:46,58,0
2026-09-30 17:34:56,58,0
2026-09-30 17:35:06,58,0
2026-09-30 17:35:16,58,0
2026-09-30 17:35:26,58,0
2026-09-30 17:35:36,58,0
2026-09-30 17:35:46,58,0
2026-09-30 17:35:56,58,0
2026-09-30 17:36:06,58,0
2026-09-30 17:36:16,58,0
2026-09-30 17:36:26,58,0
2026-09-30 17:36:36,58,0
2026-09-30 17:36:46,58,0
2026-09-30 17:36:56,57,0
2026-09-30 17:37:06,57,0
2026-09-30 17:37:16,57,0
2026-09-30 17:37:27,57,0
2026-09-30 17:37:37,57,0
2026-09-30 17:37:47,56,0
2026-09-30 17:37:57,56,0
2026-09-30 17:38:07,55,0
2026-09-30 17:38:17,55,0
2026-09-30 17:38:27,55,0
2026-09-30 17:38:37,55,0
2026-09-30 17:38:47,54,0
2026-09-30 17:38:57,54,0
2026-09-30 17:39:07,54,0
2026-09-30 17:39:17,54,0
2026-09-30 17:39:27,54,0
2026-09-30 17:39:37,54,0
2026-09-30 17:39:47,54,0
2026-09-30 17:39:57,54,0
2026-09-30 17:40:07,54,0
2026-09-30 17:40:17,53,0
2026-09-30 17:40:27,53,0
2026-09-30 17:40:37,53,0
2026-09-30 17:40:47,53,0
2026-09-30 17:40:57,53,0
2026-09-30 17:41:07,53,0
2026-09-30 17:41:17,53,0
2026-09-30 17:41:27,53,0
2026-09-30 17:41:37,53,0
2026-09-30 17:41:47,53,0
2026-09-30 17:41:57,53,0
2026-09-30 17:42:07,53,0
2026-09-30 17:42:17,53,0
2026-09-30 17:42:27,53,0
2026-09-30 17:42:37,53,0
2026-09-30 17:42:47,53,0
2026-09-30 17:42:58,53,0
2026-09-30 17:43:08,53,0
2026-09-30 17:43:18,53,0
2026-09-30 17:43:28,53,0
2026-09-30 17:43:38,53,0
2026-09-30 17:43:48,53,0
2026-09-30 17:43:58,53,0
2026-09-30 17:44:08,53,0
2026-09-30 17:44:18,53,0
2026-09-30 17:44:28,53,0
2026-09-30 17:44:38,53,0
2026-09-30 17:44:48,53,0
2026-09-30 17:44:58,54,0
2026-09-30 17:45:08,53,0
2026-09-30 17:45:18,54,0
2026-09-30 17:45:28,53,0
2026-09-30 17:45:38,53,0
2026-09-30 17:45:48,53,0
2026-09-30 17:45:58,52,0
2026-09-30 17:46:08,52,0
2026-09-30 17:46:18,52,0
2026-09-30 17:46:28,52,0
2026-09-30 17:46:38,52,0
2026-09-30 17:46:48,52,0
2026-09-30 17:46:58,52,0
2026-09-30 17:47:08,52,0
2026-09-30 17:47:18,52,0
2026-09-30 17:47:28,52,0
2026-09-30 17:47:38,52,0
2026-09-30 17:47:48,52,0
2026-09-30 17:47:58,52,0
2026-09-30 17:48:08,52,0
2026-09-30 17:48:18,52,0
2026-09-30 17:48:29,51,0
2026-09-30 17:48:39,51,0
2026-09-30 17:48:49,51,0
2026-09-30 17:48:59,51,0
2026-09-30 17:49:09,51,0
2026-09-30 17:49:19,51,0
2026-09-30 17:49:29,51,0
2026-09-30 17:49:39,51,0
2026-09-30 17:49:49,51,0
2026-09-30 17:49:59,51,0
2026-09-30 17:50:09,51,0
2026-09-30 17:50:19,51,0
2026-09-30 17:50:29,51,0
2026-09-30 17:50:39,51,0
2026-09-30 17:50:49,51,0
2026-09-30 17:50:59,51,0
2026-09-30 17:51:09,51,0
2026-09-30 17:51:19,52,0
2026-09-30 17:51:29,51,0
2026-09-30 17:51:39,51,0
2026-09-30 17:51:49,51,0
2026-09-30 17:51:59,51,0
2026-09-30 17:52:09,51,0
2026-09-30 17:52:19,51,0
2026-09-30 17:52:29,51,0
2026-09-30 17:52:39,51,0
2026-09-30 17:52:49,51,0
2026-09-30 17:52:59,51,0
2026-09-30 17:53:09,51,0
2026-09-30 17:53:19,51,0
2026-09-30 17:53:29,51,0
2026-09-30 17:53:39,51,0
2026-09-30 17:53:49,51,0
2026-09-30 17:53:59,51,0
2026-09-30 17:54:10,51,0
2026-09-30 17:54:20,51,0
2026-09-30 17:54:30,51,0
2026-09-30 17:54:40,51,0
2026-09-30 17:54:50,51,0
2026-09-30 17:55:00,51,0
2026-09-30 17:55:10,51,0
2026-09-30 17:55:20,51,0
2026-09-30 17:55:30,51,0
2026-09-30 17:55:40,51,0
2026-09-30 17:55:50,51,0
2026-09-30 17:56:00,51,0
2026-09-30 17:56:10,51,0
2026-09-30 17:56:20,51,0
2026-09-30 17:56:30,51,0
2026-09-30 17:56:40,51,0
2026-09-30 17:56:50,51,0
2026-09-30 17:57:00,51,0
2026-09-30 17:57:10,51,0
2026-09-30 17:57:20,51,0
2026-09-30 17:57:30,51,0
2026-09-30 17:57:40,51,0
2026-09-30 17:57:50,51,0
2026-09-30 17:58:00,51,0
2026-09-30 17:58:10,51,0
2026-09-30 17:58:20,51,0
2026-09-30 17:58:30,51,0
2026-09-30 17:58:40,51,0
2026-09-30 17:58:50,51,0
2026-09-30 17:59:00,51,0
2026-09-30 17:59:10,51,0
2026-09-30 17:59:20,51,0
2026-09-30 17:59:30,51,0
2026-09-30 17:59:41,51,0
2026-09-30 17:59:51,51,0
2026-09-30 18:00:01,51,0
2026-09-30 18:00:11,51,0
2026-09-30 18:00:21,51,0
2026-09-30 18:00:31,51,0
2026-09-30 18:00:41,51,0
2026-09-30 18:00:51,51,0
2026-09-30 18:01:01,51,0
2026-09-30 18:01:11,51,0
2026-09-30 18:01:21,52,0
2026-09-30 18:01:31,52,0
2026-09-30 18:01:41,52,0
2026-09-30 18:01:51,52,0
2026-09-30 18:02:01,52,0
2026-09-30 18:02:11,52,0
2026-09-30 18:02:21,52,0
2026-09-30 18:02:31,52,0
2026-09-30 18:02:41,52,0
2026-09-30 18:02:51,52,0
2026-09-30 18:03:01,52,0
2026-09-30 18:03:11,52,0
2026-09-30 18:03:21,52,0
2026-09-30 18:03:31,52,0
2026-09-30 18:03:41,51,0
2026-09-30 18:03:51,51,0
2026-09-30 18:04:01,51,0
2026-09-30 18:04:11,52,0
2026-09-30 18:04:21,52,0
2026-09-30 18:04:31,52,0
2026-09-30 18:04:41,52,0
2026-09-30 18:04:51,52,0
2026-09-30 18:05:01,52,0
2026-09-30 18:05:12,51,0
2026-09-30 18:05:22,51,0
2026-09-30 18:05:32,51,0
2026-09-30 18:05:42,51,0
2026-09-30 18:05:52,51,0
2026-09-30 18:06:02,51,0
2026-09-30 18:06:12,51,0
2026-09-30 18:06:22,51,0
2026-09-30 18:06:32,51,0
2026-09-30 18:06:42,51,0
2026-09-30 18:06:52,51,0
2026-09-30 18:07:02,51,0
2026-09-30 18:07:12,51,0
2026-09-30 18:07:22,51,0
2026-09-30 18:07:32,51,0
2026-09-30 18:07:42,50,0
2026-09-30 18:07:52,50,0
2026-09-30 18:08:02,50,0
2026-09-30 18:08:12,50,0
2026-09-30 18:08:22,50,0
2026-09-30 18:08:32,50,0
2026-09-30 18:08:42,50,0
2026-09-30 18:08:52,50,0
2026-09-30 18:09:02,50,0
2026-09-30 18:09:12,50,0
2026-09-30 18:09:22,50,0
2026-09-30 18:09:32,50,0
2026-09-30 18:09:42,50,0
2026-09-30 18:09:52,50,0
2026-09-30 18:10:02,50,0
2026-09-30 18:10:12,50,0
2026-09-30 18:10:22,50,0
2026-09-30 18:10:32,50,0
2026-09-30 18:10:42,51,0
2026-09-30 18:10:52,51,0
2026-09-30 18:11:03,51,0
2026-09-30 18:11:13,51,0
2026-09-30 18:11:23,51,0
2026-09-30 18:11:33,52,0
2026-09-30 18:11:43,52,0
2026-09-30 18:11:53,52,0
2026-09-30 18:12:03,52,0
2026-09-30 18:12:13,52,0
2026-09-30 18:12:23,52,0
2026-09-30 18:12:33,52,0
2026-09-30 18:12:43,52,0
2026-09-30 18:12:53,52,0
2026-09-30 18:13:03,52,0
2026-09-30 18:13:13,52,0
2026-09-30 18:13:23,52,0
2026-09-30 18:13:33,53,0
2026-09-30 18:13:43,52,0
2026-09-30 18:13:53,53,0
2026-09-30 18:14:03,53,0
2026-09-30 18:14:13,53,0
2026-09-30 18:14:23,53,0
2026-09-30 18:14:33,53,0
2026-09-30 18:14:43,53,0
2026-09-30 18:14:53,53,0
2026-09-30 18:15:03,53,0
2026-09-30 18:15:13,53,0
2026-09-30 18:15:23,53,0
2026-09-30 18:15:33,53,0
2026-09-30 18:15:43,53,0
2026-09-30 18:15:53,53,0
2026-09-30 18:16:03,53,0
2026-09-30 18:16:13,53,0
2026-09-30 18:16:23,53,0
2026-09-30 18:16:33,53,0
2026-09-30 18:16:43,53,0
2026-09-30 18:16:54,53,0
2026-09-30 18:17:04,53,0
2026-09-30 18:17:14,53,0
2026-09-30 18:17:24,53,0
2026-09-30 18:17:34,52,0
2026-09-30 18:17:44,52,0
2026-09-30 18:17:54,52,0
2026-09-30 18:18:04,52,0
2026-09-30 18:18:14,52,0
2026-09-30 18:18:24,52,0
2026-09-30 18:18:34,52,0
2026-09-30 18:18:44,52,0
2026-09-30 18:18:54,52,0
2026-09-30 18:19:04,52,0
2026-09-30 18:19:14,52,0
2026-09-30 18:19:24,52,0
2026-09-30 18:19:34,52,0
2026-09-30 18:19:44,51,0
2026-09-30 18:19:54,51,0
2026-09-30 18:20:04,51,0
2026-09-30 18:20:14,51,0
2026-09-30 18:20:24,51,0
2026-09-30 18:20:34,51,0
2026-09-30 18:20:44,51,0
2026-09-30 18:20:54,51,0
2026-09-30 18:21:04,51,0
2026-09-30 18:21:14,51,0
2026-09-30 18:21:24,51,0
2026-09-30 18:21:34,51,0
2026-09-30 18:21:44,50,0
2026-09-30 18:21:54,50,0
2026-09-30 18:22:04,50,0
2026-09-30 18:22:14,50,0
